{   "id":"PAYID-L4K65JA6LT83719UJ1690349","intent":"sale","state":"approved","cart":"56165149L0656374W",
    "payer":{"payment_method":"paypal","status":"VERIFIED",
    "payer_info":{"email":"sb-43p96i2667799@personal.example.com","first_name":"John","last_name":"Doe","payer_id":"2ZAM6735BH7HG",
    "shipping_address":{"recipient_name":"John Doe","line1":"Calle Juarez 1","line2":"Col. Cuauhtemoc","city":"Miguel Hidalgo","state":"Ciudad de Mexico","postal_code":"11580","country_code":"MX"},"country_code":"MX"}},
    "transactions":[{"amount":{"total":"100.00","currency":"MXN",
    "details":{"subtotal":"100.00","shipping":"0.00","insurance":"0.00","handling_fee":"0.00","shipping_discount":"0.00"}},
    "payee":{"merchant_id":"UAMSZSCEBLCCJ","email":"sb-b47hnt2656488@business.example.com"},"description":"Manual para descargar Node js","soft_descriptor":"PAYPAL *JOHNDOESTES",
    "item_list":{"items":[{"name":"Instalación de Node JS","sku":"4","price":"100.00","currency":"MXN","tax":"0.00","quantity":1}],
    "shipping_address":{"recipient_name":"John Doe","line1":"Calle Juarez 1","line2":"Col. Cuauhtemoc","city":"Miguel Hidalgo","state":"Ciudad de Mexico","postal_code":"11580","country_code":"MX"}},
    "related_resources":[{"sale":{"id":"3KS88609LK193803M","state":"completed","amount":{"total":"100.00","currency":"MXN","details":{"subtotal":"100.00","shipping":"0.00","insurance":"0.00","handling_fee":"0.00","shipping_discount":"0.00"}},
    "payment_mode":"INSTANT_TRANSFER","protection_eligibility":"ELIGIBLE","protection_eligibility_type":"ITEM_NOT_RECEIVED_ELIGIBLE,UNAUTHORIZED_PAYMENT_ELIGIBLE",
    "transaction_fee":{"value":"9.22","currency":"MXN"},"parent_payment":"PAYID-L4K65JA6LT83719UJ1690349","create_time":"2020-07-20T19:22:53Z","update_time":"2020-07-20T19:22:53Z",
    "links":[{"href":"https://api.sandbox.paypal.com/v1/payments/sale/3KS88609LK193803M","rel":"self","method":"GET"},{"href":"https://api.sandbox.paypal.com/v1/payments/sale/3KS88609LK193803M/refund","rel":"refund","method":"POST"},{"href":"https://api.sandbox.paypal.com/v1/payments/payment/PAYID-L4K65JA6LT83719UJ1690349","rel":"parent_payment","method":"GET"}],
    "soft_descriptor":"PAYPAL *JOHNDOESTES"}}]}],"failed_transactions":[],"create_time":"2020-07-20T19:21:07Z","update_time":"2020-07-20T19:22:53Z","links":[{"href":"https://api.sandbox.paypal.com/v1/payments/payment/PAYID-L4K65JA6LT83719UJ1690349","rel":"self","method":"GET"}],
    "httpStatusCode":200
} 